{"1": {"loss": 0.2625267207622528, "accuracy": 0.925422211488088}, "2": {"loss": 0.11677022203803063, "accuracy": 0.964915007352829}, "3": {"loss": 0.07662531733512878, "accuracy": 0.9769716620445251}, "4": {"loss": 0.055691725388169286, "accuracy": 0.9829533457756042}, "5": {"loss": 0.04188221096992493, "accuracy": 0.9873499989509582}, "6": {"loss": 0.03128453101962805, "accuracy": 0.9905733406543732}, "7": {"loss": 0.257451593875885, "accuracy": 0.9262633323669434}, "8": {"loss": 0.11554791778326035, "accuracy": 0.9657716631889344}, "9": {"loss": 0.07582455947995186, "accuracy": 0.9773383378982544}, "10": {"loss": 0.055422217771410945, "accuracy": 0.9832150042057037}, "11": {"loss": 0.04234035983681679, "accuracy": 0.9870133459568023}, "12": {"loss": 0.03240840956568718, "accuracy": 0.9899399816989899}}